[
  {
    "ID": "01000",
    "Nombre": "Agencia Microcentro",
    "Direccion": "Florida 200, Microcentro",
    "CodigoPostal": 1000,
    "CodigoPostalCD": 1000
  },
  {
    "ID": "01420",
    "Nombre": "Agencia Recoleta",
    "Direccion": "Av. Alvear 1600, Recoleta",
    "CodigoPostal": 1420,
    "CodigoPostalCD": 1000
  },
  {
    "ID": "01888",
    "Nombre": "Agencia Florencio Varela",
    "Direccion": "Av. San Martin 1800, Florencio Varela",
    "CodigoPostal": 1888,
    "CodigoPostalCD": 1888
  },
  {
    "ID": "01900",
    "Nombre": "Agencia La Plata",
    "Direccion": "Calle 7 1200, La Plata",
    "CodigoPostal": 1900,
    "CodigoPostalCD": 1888
  },
  {
    "ID": "05000",
    "Nombre": "Agencia Cordoba Centro",
    "Direccion": "Ituzaingo 300, Cordoba",
    "CodigoPostal": 5000,
    "CodigoPostalCD": 5000
  },
  {
    "ID": "05152",
    "Nombre": "Agencia Villa Carlos Paz",
    "Direccion": "9 de Julio 200, Villa Carlos Paz",
    "CodigoPostal": 5152,
    "CodigoPostalCD": 5000
  },
  {
    "ID": "05500",
    "Nombre": "Agencia Mendoza",
    "Direccion": "San Martin 1200, Mendoza",
    "CodigoPostal": 5500,
    "CodigoPostalCD": 5500
  },
  {
    "ID": "05600",
    "Nombre": "Agencia San Rafael",
    "Direccion": "Hipolito Yrigoyen 900, San Rafael",
    "CodigoPostal": 5600,
    "CodigoPostalCD": 5500
  },
  {
    "ID": "02010",
    "Nombre": "Agencia Santa Fe",
    "Direccion": "San Martin 1100, Santa Fe",
    "CodigoPostal": 2010,
    "CodigoPostalCD": 2000
  },
  {
    "ID": "02000",
    "Nombre": "Agencia Rosario",
    "Direccion": "Cordoba 1200, Rosario",
    "CodigoPostal": 2000,
    "CodigoPostalCD": 2000
  },
  {
    "ID": "05700",
    "Nombre": "Agencia San Luis",
    "Direccion": "Colon 300, San Luis",
    "CodigoPostal": 5700,
    "CodigoPostalCD": 5700
  },
  {
    "ID": "05730",
    "Nombre": "Agencia Villa Mercedes",
    "Direccion": "Belgrano 600, Villa Mercedes",
    "CodigoPostal": 5730,
    "CodigoPostalCD": 5700
  },
  {
    "ID": "04700",
    "Nombre": "Agencia SFV Catamarca",
    "Direccion": "Rivadavia 500, SFV Catamarca",
    "CodigoPostal": 4700,
    "CodigoPostalCD": 4700
  },
  {
    "ID": "04740",
    "Nombre": "Agencia Andalgala",
    "Direccion": "Belgrano 300, Andalgala",
    "CodigoPostal": 4740,
    "CodigoPostalCD": 4700
  },
  {
    "ID": "04750",
    "Nombre": "Agencia Belen",
    "Direccion": "San Martin 200, Belen",
    "CodigoPostal": 4750,
    "CodigoPostalCD": 4700
  },

  {
    "ID": "03500",
    "Nombre": "Agencia Resistencia",
    "Direccion": "Guemes 900, Resistencia",
    "CodigoPostal": 3500,
    "CodigoPostalCD": 3500
  },
  {
    "ID": "03700",
    "Nombre": "Agencia Saenz Peña",
    "Direccion": "25 de Mayo 600, Presidencia R. Saenz Peña",
    "CodigoPostal": 3700,
    "CodigoPostalCD": 3500
  },
  {
    "ID": "03730",
    "Nombre": "Agencia Charata",
    "Direccion": "Italia 400, Charata",
    "CodigoPostal": 3730,
    "CodigoPostalCD": 3500
  },

  {
    "ID": "09100",
    "Nombre": "Agencia Trelew",
    "Direccion": "Fontana 900, Trelew",
    "CodigoPostal": 9100,
    "CodigoPostalCD": 9100
  },
  {
    "ID": "09000",
    "Nombre": "Agencia Comodoro Rivadavia",
    "Direccion": "Rivadavia 1200, Comodoro Rivadavia",
    "CodigoPostal": 9000,
    "CodigoPostalCD": 9100
  },
  {
    "ID": "09120",
    "Nombre": "Agencia Puerto Madryn",
    "Direccion": "Mitre 700, Puerto Madryn",
    "CodigoPostal": 9120,
    "CodigoPostalCD": 9100
  },



  {
    "ID": "03400",
    "Nombre": "Agencia Corrientes",
    "Direccion": "Junin 800, Corrientes",
    "CodigoPostal": 3400,
    "CodigoPostalCD": 3400
  },
  {
    "ID": "03450",
    "Nombre": "Agencia Goya",
    "Direccion": "Colon 500, Goya",
    "CodigoPostal": 3450,
    "CodigoPostalCD": 3400
  },
  {
    "ID": "03470",
    "Nombre": "Agencia Mercedes",
    "Direccion": "San Martin 600, Mercedes",
    "CodigoPostal": 3470,
    "CodigoPostalCD": 3400
  },

  {
    "ID": "03100",
    "Nombre": "Agencia Parana",
    "Direccion": "Urquiza 400, Parana",
    "CodigoPostal": 3100,
    "CodigoPostalCD": 3100
  },
  {
    "ID": "03200",
    "Nombre": "Agencia Concordia",
    "Direccion": "Mitre 900, Concordia",
    "CodigoPostal": 3200,
    "CodigoPostalCD": 3100
  },
  {
    "ID": "02820",
    "Nombre": "Agencia Gualeguaychu",
    "Direccion": "25 de Mayo 300, Gualeguaychu",
    "CodigoPostal": 2820,
    "CodigoPostalCD": 3100
  },

  {
    "ID": "03600",
    "Nombre": "Agencia Formosa",
    "Direccion": "Eva Peron 700, Formosa",
    "CodigoPostal": 3600,
    "CodigoPostalCD": 3600
  },
  {
    "ID": "03610",
    "Nombre": "Agencia Clorinda",
    "Direccion": "Italia 200, Clorinda",
    "CodigoPostal": 3610,
    "CodigoPostalCD": 3600
  },
  {
    "ID": "03606",
    "Nombre": "Agencia Pirane",
    "Direccion": "Belgrano 250, Pirane",
    "CodigoPostal": 3606,
    "CodigoPostalCD": 3600
  },

  {
    "ID": "04600",
    "Nombre": "Agencia San Salvador de Jujuy",
    "Direccion": "Lavalle 300, S. S. de Jujuy",
    "CodigoPostal": 4600,
    "CodigoPostalCD": 4600
  },
  {
    "ID": "04612",
    "Nombre": "Agencia Palpala",
    "Direccion": "Sarmiento 500, Palpala",
    "CodigoPostal": 4612,
    "CodigoPostalCD": 4600
  },
  {
    "ID": "04512",
    "Nombre": "Agencia Ledesma",
    "Direccion": "Libertador Gral. San Martin 100, Ledesma",
    "CodigoPostal": 4512,
    "CodigoPostalCD": 4600
  },

  {
    "ID": "06300",
    "Nombre": "Agencia Santa Rosa",
    "Direccion": "Av. España 100, Santa Rosa",
    "CodigoPostal": 6300,
    "CodigoPostalCD": 6300
  },
  {
    "ID": "06360",
    "Nombre": "Agencia General Pico",
    "Direccion": "Calle 10 200, General Pico",
    "CodigoPostal": 6360,
    "CodigoPostalCD": 6300
  },
  {
    "ID": "06303",
    "Nombre": "Agencia Toay",
    "Direccion": "San Martin 50, Toay",
    "CodigoPostal": 6303,
    "CodigoPostalCD": 6300
  },

  {
    "ID": "05300",
    "Nombre": "Agencia La Rioja",
    "Direccion": "Av. Ortiz de Ocampo 700, La Rioja",
    "CodigoPostal": 5300,
    "CodigoPostalCD": 5300
  },
  {
    "ID": "05360",
    "Nombre": "Agencia Chilecito",
    "Direccion": "9 de Julio 250, Chilecito",
    "CodigoPostal": 5360,
    "CodigoPostalCD": 5300
  },
  {
    "ID": "05310",
    "Nombre": "Agencia Aimogasta",
    "Direccion": "San Martin 220, Aimogasta",
    "CodigoPostal": 5310,
    "CodigoPostalCD": 5300
  },



  {
    "ID": "03300",
    "Nombre": "Agencia Posadas",
    "Direccion": "Bolivar 400, Posadas",
    "CodigoPostal": 3300,
    "CodigoPostalCD": 3300
  },
  {
    "ID": "03360",
    "Nombre": "Agencia Obera",
    "Direccion": "Av. Sarmiento 600, Obera",
    "CodigoPostal": 3360,
    "CodigoPostalCD": 3300
  },
  {
    "ID": "03380",
    "Nombre": "Agencia Eldorado",
    "Direccion": "Av. San Martin 700, Eldorado",
    "CodigoPostal": 3380,
    "CodigoPostalCD": 3300
  },

  {
    "ID": "08300",
    "Nombre": "Agencia Neuquen",
    "Direccion": "Independencia 500, Neuquen",
    "CodigoPostal": 8300,
    "CodigoPostalCD": 8300
  },
  {
    "ID": "08370",
    "Nombre": "Agencia San Martin de los Andes",
    "Direccion": "Villegas 100, San Martin de los Andes",
    "CodigoPostal": 8370,
    "CodigoPostalCD": 8300
  },
  {
    "ID": "08322",
    "Nombre": "Agencia Cutral Co",
    "Direccion": "Rivadavia 200, Cutral Co",
    "CodigoPostal": 8322,
    "CodigoPostalCD": 8300
  },

  {
    "ID": "08500",
    "Nombre": "Agencia Viedma",
    "Direccion": "Belgrano 300, Viedma",
    "CodigoPostal": 8500,
    "CodigoPostalCD": 8500
  },
  {
    "ID": "08400",
    "Nombre": "Agencia Bariloche",
    "Direccion": "Mitre 700, San Carlos de Bariloche",
    "CodigoPostal": 8400,
    "CodigoPostalCD": 8500
  },
  {
    "ID": "08324",
    "Nombre": "Agencia Cipolletti",
    "Direccion": "Roca 400, Cipolletti",
    "CodigoPostal": 8324,
    "CodigoPostalCD": 8500
  },

  {
    "ID": "04400",
    "Nombre": "Agencia Salta",
    "Direccion": "España 600, Salta",
    "CodigoPostal": 4400,
    "CodigoPostalCD": 4400
  },
  {
    "ID": "04560",
    "Nombre": "Agencia Tartagal",
    "Direccion": "San Martin 300, Tartagal",
    "CodigoPostal": 4560,
    "CodigoPostalCD": 4400
  },
  {
    "ID": "04530",
    "Nombre": "Agencia Oran",
    "Direccion": "Velazco 150, San Ramon de la Nueva Oran",
    "CodigoPostal": 4530,
    "CodigoPostalCD": 4400
  },

  {
    "ID": "05400",
    "Nombre": "Agencia San Juan",
    "Direccion": "Mendoza 800, San Juan",
    "CodigoPostal": 5400,
    "CodigoPostalCD": 5400
  },
  {
    "ID": "05460",
    "Nombre": "Agencia Jachal",
    "Direccion": "Av. Sarmiento 200, San Jose de Jachal",
    "CodigoPostal": 5460,
    "CodigoPostalCD": 5400
  },
  {
    "ID": "05442",
    "Nombre": "Agencia Caucete",
    "Direccion": "Aberastain 100, Caucete",
    "CodigoPostal": 5442,
    "CodigoPostalCD": 5400
  },



  {
    "ID": "09400",
    "Nombre": "Agencia Rio Gallegos",
    "Direccion": "Roca 200, Rio Gallegos",
    "CodigoPostal": 9400,
    "CodigoPostalCD": 9400
  },
  {
    "ID": "09011",
    "Nombre": "Agencia Caleta Olivia",
    "Direccion": "Av. Independencia 100, Caleta Olivia",
    "CodigoPostal": 9011,
    "CodigoPostalCD": 9400
  },
  {
    "ID": "09405",
    "Nombre": "Agencia El Calafate",
    "Direccion": "Av. Libertador 500, El Calafate",
    "CodigoPostal": 9405,
    "CodigoPostalCD": 9400
  },



  {
    "ID": "04200",
    "Nombre": "Agencia Santiago del Estero",
    "Direccion": "Belgrano 900, Santiago del Estero",
    "CodigoPostal": 4200,
    "CodigoPostalCD": 4200
  },
  {
    "ID": "04300",
    "Nombre": "Agencia La Banda",
    "Direccion": "Rivadavia 700, La Banda",
    "CodigoPostal": 4300,
    "CodigoPostalCD": 4200
  },
  {
    "ID": "04220",
    "Nombre": "Agencia Termas de Rio Hondo",
    "Direccion": "Sarmiento 300, Termas de Rio Hondo",
    "CodigoPostal": 4220,
    "CodigoPostalCD": 4200
  },

  {
    "ID": "09410",
    "Nombre": "Agencia Ushuaia",
    "Direccion": "Maipu 200, Ushuaia",
    "CodigoPostal": 9410,
    "CodigoPostalCD": 9410
  },
  {
    "ID": "09420",
    "Nombre": "Agencia Rio Grande",
    "Direccion": "Perito Moreno 300, Rio Grande",
    "CodigoPostal": 9420,
    "CodigoPostalCD": 9410
  },
  {
    "ID": "09412",
    "Nombre": "Agencia Tolhuin",
    "Direccion": "Los Ñires 100, Tolhuin",
    "CodigoPostal": 9412,
    "CodigoPostalCD": 9410
  },

  {
    "ID": "04000",
    "Nombre": "Agencia San Miguel de Tucuman",
    "Direccion": "24 de Septiembre 700, SMT",
    "CodigoPostal": 4000,
    "CodigoPostalCD": 4000
  },
  {
    "ID": "04103",
    "Nombre": "Agencia Tafi Viejo",
    "Direccion": "Av. Peru 300, Tafi Viejo",
    "CodigoPostal": 4103,
    "CodigoPostalCD": 4000
  },
  {
    "ID": "04146",
    "Nombre": "Agencia Concepcion",
    "Direccion": "San Martin 400, Concepcion",
    "CodigoPostal": 4146,
    "CodigoPostalCD": 4000
  }
]

