[
  { "CodigoPostal": 1000, "Nombre": "CD CABA", "Direccion": "Av. Warnes 200, CABA, CABA" },
  { "CodigoPostal": 1900, "Nombre": "CD Buenos Aires – La Plata", "Direccion": "Av. 520 y 25, La Plata, Buenos Aires" },
  { "CodigoPostal": 4700, "Nombre": "CD Catamarca", "Direccion": "Av. Güemes 300, SFV de Catamarca, Catamarca" },
  { "CodigoPostal": 3500, "Nombre": "CD Chaco", "Direccion": "Av. Sarmiento 2000, Resistencia, Chaco" },
  { "CodigoPostal": 9100, "Nombre": "CD Chubut", "Direccion": "Av. Fontana 150, Trelew, Chubut" },
  { "CodigoPostal": 5000, "Nombre": "CD Córdoba Capital", "Direccion": "Av. Sabattini 3000, Córdoba, Córdoba" },
  { "CodigoPostal": 3400, "Nombre": "CD Corrientes", "Direccion": "Av. Maipú 2700, Corrientes, Corrientes" },
  { "CodigoPostal": 3100, "Nombre": "CD Entre Ríos", "Direccion": "Av. Almafuerte 3000, Paraná, Entre Ríos" },
  { "CodigoPostal": 3600, "Nombre": "CD Formosa", "Direccion": "Av. 25 de Mayo 1100, Formosa, Formosa" },
  { "CodigoPostal": 4600, "Nombre": "CD Jujuy", "Direccion": "Av. El Éxodo 950, San Salvador de Jujuy, Jujuy" },
  { "CodigoPostal": 6300, "Nombre": "CD La Pampa", "Direccion": "Av. Luro 2500, Santa Rosa, La Pampa" },
  { "CodigoPostal": 5300, "Nombre": "CD La Rioja", "Direccion": "Av. Ortiz de Ocampo 1700, La Rioja, La Rioja" },
  { "CodigoPostal": 5500, "Nombre": "CD Mendoza Capital", "Direccion": "Acceso Este y Costanera, Mendoza, Mendoza" },
  { "CodigoPostal": 3300, "Nombre": "CD Misiones", "Direccion": "Av. Uruguay 1900, Posadas, Misiones" },
  { "CodigoPostal": 8300, "Nombre": "CD Neuquén", "Direccion": "Anaya 3005, Neuquén, Neuquén" },
  { "CodigoPostal": 8500, "Nombre": "CD Río Negro", "Direccion": "Av. F. de Viedma 1400, Viedma, Río Negro" },
  { "CodigoPostal": 4400, "Nombre": "CD Salta", "Direccion": "Av. Chile 1600, Salta, Salta" },
  { "CodigoPostal": 5400, "Nombre": "CD San Juan", "Direccion": "Av. Libertador 2400, San Juan, San Juan" },
  { "CodigoPostal": 5700, "Nombre": "CD San Luis", "Direccion": "Av. España 1000, San Luis, San Luis" },
  { "CodigoPostal": 9400, "Nombre": "CD Santa Cruz", "Direccion": "Av. Kirchner 100, Río Gallegos, Santa Cruz" },
  { "CodigoPostal": 2000, "Nombre": "CD Santa Fe – Rosario", "Direccion": "Cafferata 702, Rosario, Santa Fe" },
  { "CodigoPostal": 4200, "Nombre": "CD Santiago del Estero", "Direccion": "Av. Roca 700, Santiago del Estero, Santiago del Estero" },
  { "CodigoPostal": 9410, "Nombre": "CD Tierra del Fuego", "Direccion": "Av. San Martín 500, Ushuaia, Tierra del Fuego" },
  { "CodigoPostal": 4000, "Nombre": "CD Tucumán", "Direccion": "Av. Brígido Terán 250, San Miguel de Tucumán, Tucumán" },
  { "CodigoPostal": 1888, "Nombre": "CD Buenos Aires – Florencio Varela", "Direccion": "Av. San Martín 1800, Florencio Varela, Buenos Aires" },
  { "CodigoPostal": 3000, "Nombre": "CD Santa Fe", "Direccion": "Av. López y Planes 3900, Santa Fe, Santa Fe" }
]
